filename,split
train/cat/cat(sofa)/1159344.jpg,0
train/cat/cat(sofa)/150460.jpg,0
train/cat/cat(sofa)/1592922.jpg,0
train/cat/cat(sofa)/1592810.jpg,0
train/cat/cat(sofa)/1593198.jpg,0
train/cat/cat(sofa)/2315673.jpg,0
train/cat/cat(sofa)/2315873.jpg,0
train/cat/cat(sofa)/2316630.jpg,0
train/cat/cat(sofa)/2317032.jpg,0
train/cat/cat(sofa)/2317046.jpg,0
train/cat/cat(sofa)/2317871.jpg,0
train/cat/cat(sofa)/2318038.jpg,0
train/cat/cat(sofa)/2318559.jpg,0
train/cat/cat(sofa)/2319260.jpg,0
train/cat/cat(sofa)/2320061.jpg,0
train/cat/cat(sofa)/2320069.jpg,0
train/cat/cat(sofa)/2320349.jpg,0
train/cat/cat(sofa)/2320521.jpg,0
train/cat/cat(sofa)/2320576.jpg,0
train/cat/cat(sofa)/2320812.jpg,0
train/cat/cat(sofa)/2318598.jpg,0
train/cat/cat(sofa)/2320950.jpg,0
train/cat/cat(sofa)/2321952.jpg,0
train/cat/cat(sofa)/2321990.jpg,0
train/cat/cat(sofa)/2322094.jpg,0
train/cat/cat(sofa)/2323164.jpg,0
train/cat/cat(sofa)/2323350.jpg,0
train/cat/cat(sofa)/2323351.jpg,0
train/cat/cat(sofa)/2325665.jpg,0
train/cat/cat(sofa)/2325695.jpg,0
train/cat/cat(sofa)/2325698.jpg,0
train/cat/cat(sofa)/2326030.jpg,0
train/cat/cat(sofa)/2326308.jpg,0
train/cat/cat(sofa)/2326869.jpg,0
train/cat/cat(sofa)/2327526.jpg,0
train/cat/cat(sofa)/2327804.jpg,0
train/cat/cat(sofa)/2327987.jpg,0
train/cat/cat(sofa)/2328108.jpg,0
train/cat/cat(sofa)/2329132.jpg,0
train/cat/cat(sofa)/2329362.jpg,0
train/cat/cat(sofa)/2329443.jpg,0
train/cat/cat(sofa)/2329630.jpg,0
train/cat/cat(sofa)/2330820.jpg,0
train/cat/cat(sofa)/2330889.jpg,0
train/cat/cat(sofa)/2331669.jpg,0
train/cat/cat(sofa)/2331732.jpg,0
train/cat/cat(sofa)/2331806.jpg,0
train/cat/cat(sofa)/2332406.jpg,0
train/cat/cat(sofa)/2332661.jpg,0
train/cat/cat(sofa)/2333577.jpg,0
train/cat/cat(sofa)/2333663.jpg,0
train/cat/cat(sofa)/2334035.jpg,0
train/cat/cat(sofa)/2334327.jpg,0
train/cat/cat(sofa)/2334778.jpg,0
train/cat/cat(sofa)/2335769.jpg,0
train/cat/cat(sofa)/2335822.jpg,0
train/cat/cat(sofa)/2335967.jpg,0
train/cat/cat(sofa)/2337124.jpg,0
train/cat/cat(sofa)/2337960.jpg,0
train/cat/cat(sofa)/2338665.jpg,0
train/cat/cat(sofa)/2339301.jpg,0
train/cat/cat(sofa)/2340064.jpg,0
train/cat/cat(sofa)/2341532.jpg,0
train/cat/cat(sofa)/2341818.jpg,0
train/cat/cat(sofa)/2342417.jpg,0
train/cat/cat(sofa)/2342859.jpg,0
train/cat/cat(sofa)/2342934.jpg,0
train/cat/cat(sofa)/2343843.jpg,0
train/cat/cat(sofa)/2345649.jpg,0
train/cat/cat(sofa)/2345663.jpg,0
train/cat/cat(sofa)/2346777.jpg,0
train/cat/cat(sofa)/2347153.jpg,0
train/cat/cat(sofa)/2347489.jpg,0
train/cat/cat(sofa)/2347567.jpg,0
train/cat/cat(sofa)/2347958.jpg,0
train/cat/cat(sofa)/2348222.jpg,0
train/cat/cat(sofa)/2348423.jpg,0
train/cat/cat(sofa)/2348529.jpg,0
train/cat/cat(sofa)/2349680.jpg,0
train/cat/cat(sofa)/2349714.jpg,0
train/cat/cat(sofa)/2350625.jpg,0
train/cat/cat(sofa)/2351200.jpg,0
train/cat/cat(sofa)/2352134.jpg,0
train/cat/cat(sofa)/2352448.jpg,0
train/cat/cat(sofa)/2352634.jpg,0
train/cat/cat(sofa)/2353009.jpg,0
train/cat/cat(sofa)/2354513.jpg,0
train/cat/cat(sofa)/2354698.jpg,0
train/cat/cat(sofa)/2356752.jpg,0
train/cat/cat(sofa)/2356853.jpg,0
train/cat/cat(sofa)/2357565.jpg,0
train/cat/cat(sofa)/2359523.jpg,0
train/cat/cat(sofa)/2359617.jpg,0
train/cat/cat(sofa)/2359725.jpg,0
train/cat/cat(sofa)/2360756.jpg,0
train/cat/cat(sofa)/2361051.jpg,0
train/cat/cat(sofa)/2361058.jpg,0
train/cat/cat(sofa)/2362337.jpg,0
train/cat/cat(sofa)/2362875.jpg,0
train/cat/cat(sofa)/2362917.jpg,0
train/cat/cat(sofa)/2363235.jpg,0
train/cat/cat(sofa)/2363347.jpg,0
train/cat/cat(sofa)/2363570.jpg,0
train/cat/cat(sofa)/2363838.jpg,0
train/cat/cat(sofa)/2365107.jpg,0
train/cat/cat(sofa)/2365557.jpg,0
train/cat/cat(sofa)/2365698.jpg,0
train/cat/cat(sofa)/2365926.jpg,0
train/cat/cat(sofa)/2365930.jpg,0
train/cat/cat(sofa)/2366139.jpg,0
train/cat/cat(sofa)/2366274.jpg,0
train/cat/cat(sofa)/2366326.jpg,0
train/cat/cat(sofa)/2367153.jpg,0
train/cat/cat(sofa)/2367295.jpg,0
train/cat/cat(sofa)/2368077.jpg,0
train/cat/cat(sofa)/2369867.jpg,0
train/cat/cat(sofa)/2370187.jpg,0
train/cat/cat(sofa)/2370300.jpg,0
train/cat/cat(sofa)/2370355.jpg,0
train/cat/cat(sofa)/2370358.jpg,0
train/cat/cat(sofa)/2370384.jpg,0
train/cat/cat(sofa)/2370471.jpg,0
train/cat/cat(sofa)/2371102.jpg,0
train/cat/cat(sofa)/2371963.jpg,0
train/cat/cat(sofa)/2372174.jpg,0
train/cat/cat(sofa)/2372331.jpg,0
train/cat/cat(sofa)/2372695.jpg,0
train/cat/cat(sofa)/2372957.jpg,0
train/cat/cat(sofa)/2373098.jpg,0
train/cat/cat(sofa)/2373712.jpg,0
train/cat/cat(sofa)/2374041.jpg,0
train/cat/cat(sofa)/2374289.jpg,0
train/cat/cat(sofa)/2374442.jpg,0
train/cat/cat(sofa)/2374743.jpg,0
train/cat/cat(sofa)/2376106.jpg,0
train/cat/cat(sofa)/2376971.jpg,0
train/cat/cat(sofa)/2377696.jpg,0
train/cat/cat(sofa)/2378069.jpg,0
train/cat/cat(sofa)/2378205.jpg,0
train/cat/cat(sofa)/2378597.jpg,0
train/cat/cat(sofa)/2378742.jpg,0
train/cat/cat(sofa)/2378744.jpg,0
train/cat/cat(sofa)/2378777.jpg,0
train/cat/cat(sofa)/2378891.jpg,0
train/cat/cat(sofa)/2378915.jpg,0
train/cat/cat(sofa)/2379376.jpg,0
train/cat/cat(sofa)/2379494.jpg,0
train/cat/cat(sofa)/2379905.jpg,0
train/cat/cat(sofa)/2380683.jpg,0
train/cat/cat(sofa)/2382113.jpg,0
train/cat/cat(sofa)/2382133.jpg,0
train/cat/cat(sofa)/2382757.jpg,0
train/cat/cat(sofa)/2382973.jpg,0
train/cat/cat(sofa)/2384739.jpg,0
train/cat/cat(sofa)/2385844.jpg,0
train/cat/cat(sofa)/2386169.jpg,0
train/cat/cat(sofa)/2386734.jpg,0
train/cat/cat(sofa)/2387059.jpg,0
train/cat/cat(sofa)/2387445.jpg,0
train/cat/cat(sofa)/2387451.jpg,0
train/cat/cat(sofa)/2387497.jpg,0
train/cat/cat(sofa)/2388593.jpg,0
train/cat/cat(sofa)/2389179.jpg,0
train/cat/cat(sofa)/2389607.jpg,0
train/cat/cat(sofa)/2389893.jpg,0
train/cat/cat(sofa)/2390330.jpg,0
train/cat/cat(sofa)/2390497.jpg,0
train/cat/cat(sofa)/2390817.jpg,0
train/cat/cat(sofa)/2391007.jpg,0
train/cat/cat(sofa)/2391300.jpg,0
train/cat/cat(sofa)/2391709.jpg,0
train/cat/cat(sofa)/2391719.jpg,0
train/cat/cat(sofa)/2391810.jpg,0
train/cat/cat(sofa)/2391981.jpg,0
train/cat/cat(sofa)/2392210.jpg,0
train/cat/cat(sofa)/2392683.jpg,0
train/cat/cat(sofa)/2394511.jpg,0
train/cat/cat(sofa)/2394515.jpg,0
train/cat/cat(sofa)/2394773.jpg,0
train/cat/cat(sofa)/2395075.jpg,0
train/cat/cat(sofa)/2396221.jpg,0
train/cat/cat(sofa)/2396479.jpg,0
train/cat/cat(sofa)/2397273.jpg,0
train/cat/cat(sofa)/2397838.jpg,0
train/cat/cat(sofa)/2398497.jpg,0
train/cat/cat(sofa)/2398618.jpg,0
train/cat/cat(sofa)/2399401.jpg,0
train/cat/cat(sofa)/2399679.jpg,0
train/cat/cat(sofa)/2399835.jpg,0
train/cat/cat(sofa)/2399984.jpg,0
train/cat/cat(sofa)/2400035.jpg,0
train/cat/cat(sofa)/2400908.jpg,0
train/cat/cat(sofa)/2401636.jpg,0
train/cat/cat(sofa)/2402768.jpg,0
train/cat/cat(sofa)/2402840.jpg,0
train/cat/cat(sofa)/2403342.jpg,0
train/cat/cat(sofa)/2405417.jpg,0
train/cat/cat(sofa)/2405438.jpg,0
train/cat/cat(sofa)/2405998.jpg,0
train/cat/cat(sofa)/2407461.jpg,0
train/cat/cat(sofa)/2407780.jpg,0
train/cat/cat(sofa)/2408328.jpg,0
train/cat/cat(sofa)/2409454.jpg,0
train/cat/cat(sofa)/2408809.jpg,0
train/cat/cat(sofa)/2409593.jpg,0
train/cat/cat(sofa)/2409709.jpg,0
train/cat/cat(sofa)/2410318.jpg,0
train/cat/cat(sofa)/2410326.jpg,0
train/cat/cat(sofa)/2410796.jpg,0
train/cat/cat(sofa)/2412301.jpg,0
train/cat/cat(sofa)/2412549.jpg,0
train/cat/cat(sofa)/2413065.jpg,0
train/cat/cat(sofa)/2414209.jpg,0
train/cat/cat(sofa)/2414309.jpg,0
train/cat/cat(sofa)/2414530.jpg,0
train/cat/cat(sofa)/2415656.jpg,0
train/cat/cat(sofa)/2415275.jpg,0
train/cat/cat(sofa)/2416090.jpg,0
train/cat/cat(sofa)/2416311.jpg,0
train/cat/cat(sofa)/2416658.jpg,0
train/cat/cat(sofa)/2416677.jpg,0
train/cat/cat(sofa)/2416781.jpg,0
train/cat/cat(sofa)/2417203.jpg,0
train/cat/cat(sofa)/2417278.jpg,0
train/cat/cat(sofa)/2417434.jpg,0
train/cat/cat(sofa)/2417766.jpg,0
train/cat/cat(sofa)/3564.jpg,0
train/cat/cat(sofa)/498203.jpg,0
train/cat/cat(sofa)/954.jpg,0
train/cat/cat(sofa)/956.jpg,0
train/cat/cat(sofa)/958.jpg,0
train/cat/cat(bed)/1160084.jpg,0
train/cat/cat(bed)/1591864.jpg,0
train/cat/cat(bed)/1592922.jpg,0
train/cat/cat(bed)/1593198.jpg,0
train/cat/cat(bed)/1593105.jpg,0
train/cat/cat(bed)/2058.jpg,0
train/cat/cat(bed)/2315509.jpg,0
train/cat/cat(bed)/2315550.jpg,0
train/cat/cat(bed)/2315873.jpg,0
train/cat/cat(bed)/2315974.jpg,0
train/cat/cat(bed)/2316245.jpg,0
train/cat/cat(bed)/2316261.jpg,0
train/cat/cat(bed)/2316330.jpg,0
train/cat/cat(bed)/2316439.jpg,0
train/cat/cat(bed)/2316590.jpg,0
train/cat/cat(bed)/2316594.jpg,0
train/cat/cat(bed)/2316625.jpg,0
train/cat/cat(bed)/2317138.jpg,0
train/cat/cat(bed)/2317678.jpg,0
train/cat/cat(bed)/2317820.jpg,0
train/cat/cat(bed)/2317872.jpg,0
train/cat/cat(bed)/2317906.jpg,0
train/cat/cat(bed)/2318285.jpg,0
train/cat/cat(bed)/2318723.jpg,0
train/cat/cat(bed)/2319083.jpg,0
train/cat/cat(bed)/2319260.jpg,0
train/cat/cat(bed)/2319460.jpg,0
train/cat/cat(bed)/2319607.jpg,0
train/cat/cat(bed)/2319803.jpg,0
train/cat/cat(bed)/2319991.jpg,0
train/cat/cat(bed)/2320055.jpg,0
train/cat/cat(bed)/2320229.jpg,0
train/cat/cat(bed)/2320521.jpg,0
train/cat/cat(bed)/2320527.jpg,0
train/cat/cat(bed)/2320806.jpg,0
train/cat/cat(bed)/2320950.jpg,0
train/cat/cat(bed)/2321277.jpg,0
train/cat/cat(bed)/2321620.jpg,0
train/cat/cat(bed)/2321952.jpg,0
train/cat/cat(bed)/2322094.jpg,0
train/cat/cat(bed)/2322836.jpg,0
train/cat/cat(bed)/2323171.jpg,0
train/cat/cat(bed)/2323788.jpg,0
train/cat/cat(bed)/2323987.jpg,0
train/cat/cat(bed)/2324465.jpg,0
train/cat/cat(bed)/2324496.jpg,0
train/cat/cat(bed)/2324716.jpg,0
train/cat/cat(bed)/2325026.jpg,0
train/cat/cat(bed)/2325715.jpg,0
train/cat/cat(bed)/2326030.jpg,0
train/cat/cat(bed)/2326245.jpg,0
train/cat/cat(bed)/2326308.jpg,0
train/cat/cat(bed)/2326609.jpg,0
train/cat/cat(bed)/2326882.jpg,0
train/cat/cat(bed)/2327249.jpg,0
train/cat/cat(bed)/2327327.jpg,0
train/cat/cat(bed)/2327337.jpg,0
train/cat/cat(bed)/2327533.jpg,0
train/cat/cat(bed)/2328167.jpg,0
train/cat/cat(bed)/2328565.jpg,0
train/cat/cat(bed)/2328589.jpg,0
train/cat/cat(bed)/2328854.jpg,0
train/cat/cat(bed)/2329048.jpg,0
train/cat/cat(bed)/2329525.jpg,0
train/cat/cat(bed)/2329630.jpg,0
train/cat/cat(bed)/2329998.jpg,0
train/cat/cat(bed)/2330048.jpg,0
train/cat/cat(bed)/2326918.jpg,0
train/cat/cat(bed)/2330318.jpg,0
train/cat/cat(bed)/2330747.jpg,0
train/cat/cat(bed)/2331569.jpg,0
train/cat/cat(bed)/2330889.jpg,0
train/cat/cat(bed)/2331829.jpg,0
train/cat/cat(bed)/2331801.jpg,0
train/cat/cat(bed)/2332040.jpg,0
train/cat/cat(bed)/2332406.jpg,0
train/cat/cat(bed)/2334035.jpg,0
train/cat/cat(bed)/2331945.jpg,0
train/cat/cat(bed)/2330607.jpg,0
train/cat/cat(bed)/2330862.jpg,0
train/cat/cat(bed)/2334177.jpg,0
train/cat/cat(bed)/2334883.jpg,0
train/cat/cat(bed)/2334327.jpg,0
train/cat/cat(bed)/2335466.jpg,0
train/cat/cat(bed)/2335240.jpg,0
train/cat/cat(bed)/2335548.jpg,0
train/cat/cat(bed)/2335791.jpg,0
train/cat/cat(bed)/2335822.jpg,0
train/cat/cat(bed)/2336066.jpg,0
train/cat/cat(bed)/2336001.jpg,0
train/cat/cat(bed)/2336521.jpg,0
train/cat/cat(bed)/2336603.jpg,0
train/cat/cat(bed)/2336732.jpg,0
train/cat/cat(bed)/2337124.jpg,0
train/cat/cat(bed)/2337263.jpg,0
train/cat/cat(bed)/2336889.jpg,0
train/cat/cat(bed)/2337102.jpg,0
train/cat/cat(bed)/2337170.jpg,0
train/cat/cat(bed)/2338019.jpg,0
train/cat/cat(bed)/2337364.jpg,0
train/cat/cat(bed)/2339776.jpg,0
train/cat/cat(bed)/2337548.jpg,0
train/cat/cat(bed)/2338961.jpg,0
train/cat/cat(bed)/2339481.jpg,0
train/cat/cat(bed)/2340015.jpg,0
train/cat/cat(bed)/2341528.jpg,0
train/cat/cat(bed)/2341251.jpg,0
train/cat/cat(bed)/2341145.jpg,0
train/cat/cat(bed)/2341925.jpg,0
train/cat/cat(bed)/2341818.jpg,0
train/cat/cat(bed)/2341641.jpg,0
train/cat/cat(bed)/2341660.jpg,0
train/cat/cat(bed)/2342788.jpg,0
train/cat/cat(bed)/2341983.jpg,0
train/cat/cat(bed)/2342859.jpg,0
train/cat/cat(bed)/2342803.jpg,0
train/cat/cat(bed)/2342934.jpg,0
train/cat/cat(bed)/2344097.jpg,0
train/cat/cat(bed)/2344817.jpg,0
train/cat/cat(bed)/2343723.jpg,0
train/cat/cat(bed)/2343474.jpg,0
train/cat/cat(bed)/2345426.jpg,0
train/cat/cat(bed)/2345257.jpg,0
train/cat/cat(bed)/2345108.jpg,0
train/cat/cat(bed)/2345178.jpg,0
train/cat/cat(bed)/2345649.jpg,0
train/cat/cat(bed)/2346080.jpg,0
train/cat/cat(bed)/2346231.jpg,0
train/cat/cat(bed)/2346728.jpg,0
train/cat/cat(bed)/2347217.jpg,0
train/cat/cat(bed)/2347489.jpg,0
train/cat/cat(bed)/2347638.jpg,0
train/cat/cat(bed)/2348539.jpg,0
train/cat/cat(bed)/2350161.jpg,0
train/cat/cat(bed)/2349149.jpg,0
train/cat/cat(bed)/2350187.jpg,0
train/cat/cat(bed)/2351104.jpg,0
train/cat/cat(bed)/2350925.jpg,0
train/cat/cat(bed)/2351554.jpg,0
train/cat/cat(bed)/2351474.jpg,0
train/cat/cat(bed)/2349419.jpg,0
train/cat/cat(bed)/2352397.jpg,0
train/cat/cat(bed)/2351200.jpg,0
train/cat/cat(bed)/2352448.jpg,0
train/cat/cat(bed)/2352790.jpg,0
train/cat/cat(bed)/2353432.jpg,0
train/cat/cat(bed)/2354070.jpg,0
train/cat/cat(bed)/2353340.jpg,0
train/cat/cat(bed)/2354145.jpg,0
train/cat/cat(bed)/2354359.jpg,0
train/cat/cat(bed)/2354499.jpg,0
train/cat/cat(bed)/2354192.jpg,0
train/cat/cat(bed)/2354535.jpg,0
train/cat/cat(bed)/2354698.jpg,0
train/cat/cat(bed)/2354792.jpg,0
train/cat/cat(bed)/2355938.jpg,0
train/cat/cat(bed)/2356023.jpg,0
train/cat/cat(bed)/2356157.jpg,0
train/cat/cat(bed)/2357033.jpg,0
train/cat/cat(bed)/2356633.jpg,0
train/cat/cat(bed)/2356248.jpg,0
train/cat/cat(bed)/2359053.jpg,0
train/cat/cat(bed)/2359455.jpg,0
train/cat/cat(bed)/2357733.jpg,0
train/cat/cat(bed)/2360476.jpg,0
train/cat/cat(bed)/2360615.jpg,0
train/cat/cat(bed)/2360629.jpg,0
train/cat/cat(bed)/2360817.jpg,0
train/cat/cat(bed)/2359726.jpg,0
train/cat/cat(bed)/2361058.jpg,0
train/cat/cat(bed)/2361055.jpg,0
train/cat/cat(bed)/2361796.jpg,0
train/cat/cat(bed)/2362274.jpg,0
train/cat/cat(bed)/2361570.jpg,0
train/cat/cat(bed)/2362431.jpg,0
train/cat/cat(bed)/2362875.jpg,0
train/cat/cat(bed)/2362917.jpg,0
train/cat/cat(bed)/2363487.jpg,0
train/cat/cat(bed)/2363650.jpg,0
train/cat/cat(bed)/2363821.jpg,0
train/cat/cat(bed)/2364074.jpg,0
train/cat/cat(bed)/2357079.jpg,0
train/cat/cat(bed)/2364415.jpg,0
train/cat/cat(bed)/2364843.jpg,0
train/cat/cat(bed)/2364975.jpg,0
train/cat/cat(bed)/2365107.jpg,0
train/cat/cat(bed)/2365115.jpg,0
train/cat/cat(bed)/2365482.jpg,0
train/cat/cat(bed)/2365698.jpg,0
train/cat/cat(bed)/2367014.jpg,0
train/cat/cat(bed)/2367693.jpg,0
train/cat/cat(bed)/2364294.jpg,0
train/cat/cat(bed)/2368077.jpg,0
train/cat/cat(bed)/2368166.jpg,0
train/cat/cat(bed)/2367839.jpg,0
train/cat/cat(bed)/2368458.jpg,0
train/cat/cat(bed)/2368597.jpg,0
train/cat/cat(bed)/2368640.jpg,0
train/cat/cat(bed)/2368746.jpg,0
train/cat/cat(bed)/2368874.jpg,0
train/cat/cat(bed)/2369280.jpg,0
train/cat/cat(bed)/2369285.jpg,0
train/cat/cat(bed)/2369411.jpg,0
train/cat/cat(bed)/2369658.jpg,0
train/cat/cat(bed)/2369731.jpg,0
train/cat/cat(bed)/2370187.jpg,0
train/cat/cat(bed)/2370243.jpg,0
train/cat/cat(bed)/2362385.jpg,0
train/cat/cat(bed)/2370358.jpg,0
train/cat/cat(bed)/2370516.jpg,0
train/cat/cat(bed)/2370459.jpg,0
train/cat/cat(bed)/2371658.jpg,0
train/cat/cat(bed)/2371102.jpg,0
train/cat/cat(bed)/2372150.jpg,0
train/cat/cat(bed)/2372190.jpg,0
train/cat/cat(bed)/2368208.jpg,0
train/cat/cat(bed)/2373030.jpg,0
train/cat/cat(bed)/2372339.jpg,0
train/cat/cat(bed)/2356276.jpg,0
train/cat/cat(bed)/2374117.jpg,0
train/cat/cat(bed)/2374258.jpg,0
train/cat/cat(bed)/2373717.jpg,0
train/cat/cat(bed)/2375064.jpg,0
train/cat/cat(bed)/2375327.jpg,0
train/cat/cat(bed)/2375015.jpg,0
train/cat/cat(bed)/2375671.jpg,0
train/cat/cat(bed)/2376198.jpg,0
train/cat/cat(bed)/2376106.jpg,0
train/cat/cat(bed)/2377610.jpg,0
train/cat/cat(bed)/2377696.jpg,0
train/cat/cat(bed)/2378178.jpg,0
train/cat/cat(bed)/2378574.jpg,0
train/cat/cat(bed)/2377353.jpg,0
train/cat/cat(bed)/2378726.jpg,0
train/cat/cat(bed)/2378742.jpg,0
train/cat/cat(bed)/2374442.jpg,0
train/cat/cat(bed)/2374357.jpg,0
train/cat/cat(bed)/2379277.jpg,0
train/cat/cat(bed)/2378915.jpg,0
train/cat/cat(bed)/2379768.jpg,0
train/cat/cat(bed)/2348602.jpg,0
train/cat/cat(bed)/2348783.jpg,0
train/cat/cat(bed)/2380771.jpg,0
train/cat/cat(bed)/2380920.jpg,0
train/cat/cat(bed)/2381472.jpg,0
train/cat/cat(bed)/2381823.jpg,0
train/cat/cat(bed)/2382240.jpg,0
train/cat/cat(bed)/2382665.jpg,0
train/cat/cat(bed)/2382737.jpg,0
train/cat/cat(bed)/2382757.jpg,0
train/cat/cat(bed)/2383840.jpg,0
train/cat/cat(bed)/2384475.jpg,0
train/cat/cat(bed)/2384728.jpg,0
train/cat/cat(bed)/2384731.jpg,0
train/cat/cat(bed)/2385302.jpg,0
train/cat/cat(bed)/2385475.jpg,0
train/cat/cat(bed)/2385544.jpg,0
train/cat/cat(bed)/2378879.jpg,0
train/cat/cat(bed)/2378787.jpg,0
train/cat/cat(bed)/2379559.jpg,0
train/cat/cat(bed)/2386386.jpg,0
train/cat/cat(bed)/2386483.jpg,0
train/cat/cat(bed)/2387059.jpg,0
train/cat/cat(bed)/2387285.jpg,0
train/cat/cat(bed)/2387385.jpg,0
train/cat/cat(bed)/2387394.jpg,0
train/cat/cat(bed)/2387395.jpg,0
train/cat/cat(bed)/2387562.jpg,0
train/cat/cat(bed)/2387750.jpg,0
train/cat/cat(bed)/2387993.jpg,0
train/cat/cat(bed)/2385844.jpg,0
train/cat/cat(bed)/2388058.jpg,0
train/cat/cat(bed)/2388442.jpg,0
train/cat/cat(bed)/2388445.jpg,0
train/cat/cat(bed)/2388452.jpg,0
train/cat/cat(bed)/2388477.jpg,0
train/cat/cat(bed)/2388512.jpg,0
train/cat/cat(bed)/2388793.jpg,0
train/cat/cat(bed)/2389338.jpg,0
train/cat/cat(bed)/2389607.jpg,0
train/cat/cat(bed)/2390342.jpg,0
train/cat/cat(bed)/2388205.jpg,0
train/cat/cat(bed)/2391248.jpg,0
train/cat/cat(bed)/2391523.jpg,0
train/cat/cat(bed)/2391855.jpg,0
train/cat/cat(bed)/2392445.jpg,0
train/cat/cat(bed)/2393442.jpg,0
train/cat/cat(bed)/2393611.jpg,0
train/cat/cat(bed)/2393745.jpg,0
train/cat/cat(bed)/2393954.jpg,0
train/cat/cat(bed)/2394077.jpg,0
train/cat/cat(bed)/2394288.jpg,0
train/cat/cat(bed)/2394932.jpg,0
train/cat/cat(bed)/2390878.jpg,0
train/cat/cat(bed)/2395173.jpg,0
train/cat/cat(bed)/2396029.jpg,0
train/cat/cat(bed)/2395559.jpg,0
train/cat/cat(bed)/2385836.jpg,0
train/cat/cat(bed)/2385604.jpg,0
train/cat/cat(bed)/2396594.jpg,0
train/cat/cat(bed)/2396723.jpg,0
train/cat/cat(bed)/2396694.jpg,0
train/cat/cat(bed)/2397118.jpg,0
train/cat/cat(bed)/2397273.jpg,0
train/cat/cat(bed)/2398197.jpg,0
train/cat/cat(bed)/2398796.jpg,0
train/cat/cat(bed)/2398951.jpg,0
train/cat/cat(bed)/2399563.jpg,0
train/cat/cat(bed)/2399679.jpg,0
train/cat/cat(bed)/2399835.jpg,0
train/cat/cat(bed)/2400096.jpg,0
train/cat/cat(bed)/2400663.jpg,0
train/cat/cat(bed)/2400684.jpg,0
train/cat/cat(bed)/2401105.jpg,0
train/cat/cat(bed)/2401439.jpg,0
train/cat/cat(bed)/2396918.jpg,0
train/cat/cat(bed)/2402514.jpg,0
train/cat/cat(bed)/2402592.jpg,0
train/cat/cat(bed)/2403082.jpg,0
train/cat/cat(bed)/2403251.jpg,0
train/cat/cat(bed)/2403342.jpg,0
train/cat/cat(bed)/2405446.jpg,0
train/cat/cat(bed)/2405540.jpg,0
train/cat/cat(bed)/2405619.jpg,0
train/cat/cat(bed)/2405760.jpg,0
train/cat/cat(bed)/2405988.jpg,0
train/cat/cat(bed)/2405998.jpg,0
train/cat/cat(bed)/2406304.jpg,0
train/cat/cat(bed)/2406422.jpg,0
train/cat/cat(bed)/2402325.jpg,0
train/cat/cat(bed)/2406797.jpg,0
train/cat/cat(bed)/2406759.jpg,0
train/cat/cat(bed)/2406863.jpg,0
train/cat/cat(bed)/2408093.jpg,0
train/cat/cat(bed)/2408328.jpg,0
train/cat/cat(bed)/2409702.jpg,0
train/cat/cat(bed)/2409709.jpg,0
train/cat/cat(bed)/2409899.jpg,0
train/cat/cat(bed)/2410153.jpg,0
train/cat/cat(bed)/2410360.jpg,0
train/cat/cat(bed)/2410796.jpg,0
train/cat/cat(bed)/2407287.jpg,0
train/cat/cat(bed)/2411056.jpg,0
train/cat/cat(bed)/2411207.jpg,0
train/cat/cat(bed)/2411928.jpg,0
train/cat/cat(bed)/2412080.jpg,0
train/cat/cat(bed)/2412279.jpg,0
train/cat/cat(bed)/2412301.jpg,0
train/cat/cat(bed)/2412549.jpg,0
train/cat/cat(bed)/2412582.jpg,0
train/cat/cat(bed)/2412710.jpg,0
train/cat/cat(bed)/2412724.jpg,0
train/cat/cat(bed)/2413005.jpg,0
train/cat/cat(bed)/2411356.jpg,0
train/cat/cat(bed)/2399526.jpg,0
train/cat/cat(bed)/2413895.jpg,0
train/cat/cat(bed)/2413065.jpg,0
train/cat/cat(bed)/2414151.jpg,0
train/cat/cat(bed)/2396066.jpg,0
train/cat/cat(bed)/2414309.jpg,0
train/cat/cat(bed)/2414640.jpg,0
train/cat/cat(bed)/2414820.jpg,0
train/cat/cat(bed)/2414946.jpg,0
train/cat/cat(bed)/2414437.jpg,0
train/cat/cat(bed)/2415656.jpg,0
train/cat/cat(bed)/2416090.jpg,0
train/cat/cat(bed)/2416334.jpg,0
train/cat/cat(bed)/2416658.jpg,0
train/cat/cat(bed)/2416677.jpg,0
train/cat/cat(bed)/2416805.jpg,0
train/cat/cat(bed)/2386732.jpg,0
train/cat/cat(bed)/2417278.jpg,0
train/cat/cat(bed)/2417570.jpg,0
train/cat/cat(bed)/2416598.jpg,0
train/cat/cat(bed)/2417969.jpg,0
train/cat/cat(bed)/3564.jpg,0
train/cat/cat(bed)/2413920.jpg,0
train/cat/cat(bed)/713936.jpg,0
train/cat/cat(bed)/285735.jpg,0
train/cat/cat(bed)/2414576.jpg,0
train/dog/dog(bench)/1592064.jpg,0
train/dog/dog(bench)/2315374.jpg,0
train/dog/dog(bench)/2315539.jpg,0
train/dog/dog(bench)/2315875.jpg,0
train/dog/dog(bench)/2316133.jpg,0
train/dog/dog(bench)/2317153.jpg,0
train/dog/dog(bench)/2317892.jpg,0
train/dog/dog(bench)/2318999.jpg,0
train/dog/dog(bench)/2318152.jpg,0
train/dog/dog(bench)/2319745.jpg,0
train/dog/dog(bench)/2320542.jpg,0
train/dog/dog(bench)/2321501.jpg,0
train/dog/dog(bench)/2322764.jpg,0
train/dog/dog(bench)/2323280.jpg,0
train/dog/dog(bench)/2323342.jpg,0
train/dog/dog(bench)/2323804.jpg,0
train/dog/dog(bench)/2324405.jpg,0
train/dog/dog(bench)/2330800.jpg,0
train/dog/dog(bench)/2331177.jpg,0
train/dog/dog(bench)/2331620.jpg,0
train/dog/dog(bench)/2331644.jpg,0
train/dog/dog(bench)/2332334.jpg,0
train/dog/dog(bench)/2332785.jpg,0
train/dog/dog(bench)/2333438.jpg,0
train/dog/dog(bench)/2333827.jpg,0
train/dog/dog(bench)/2336574.jpg,0
train/dog/dog(bench)/2337303.jpg,0
train/dog/dog(bench)/2337587.jpg,0
train/dog/dog(bench)/2338227.jpg,0
train/dog/dog(bench)/2339158.jpg,0
train/dog/dog(bench)/2340709.jpg,0
train/dog/dog(bench)/2343433.jpg,0
train/dog/dog(bench)/2344583.jpg,0
train/dog/dog(bench)/2345544.jpg,0
train/dog/dog(bench)/2345635.jpg,0
train/dog/dog(bench)/2346200.jpg,0
train/dog/dog(bench)/2347332.jpg,0
train/dog/dog(bench)/2348541.jpg,0
train/dog/dog(bench)/2349281.jpg,0
train/dog/dog(bench)/2350468.jpg,0
train/dog/dog(bench)/2351872.jpg,0
train/dog/dog(bench)/2353034.jpg,0
train/dog/dog(bench)/2353465.jpg,0
train/dog/dog(bench)/2354471.jpg,0
train/dog/dog(bench)/2356330.jpg,0
train/dog/dog(bench)/2357749.jpg,0
train/dog/dog(bench)/2358354.jpg,0
train/dog/dog(bench)/2358535.jpg,0
train/dog/dog(bench)/2358650.jpg,0
train/dog/dog(bench)/2358997.jpg,0
train/dog/dog(bench)/2359753.jpg,0
train/dog/dog(bench)/2359982.jpg,0
train/dog/dog(bench)/2362196.jpg,0
train/dog/dog(bench)/2362379.jpg,0
train/dog/dog(bench)/2362606.jpg,0
train/dog/dog(bench)/2363267.jpg,0
train/dog/dog(bench)/2363804.jpg,0
train/dog/dog(bench)/2364099.jpg,0
train/dog/dog(bench)/2365524.jpg,0
train/dog/dog(bench)/2366037.jpg,0
train/dog/dog(bench)/2366433.jpg,0
train/dog/dog(bench)/2367186.jpg,0
train/dog/dog(bench)/2367595.jpg,0
train/dog/dog(bench)/2367634.jpg,0
train/dog/dog(bench)/2367710.jpg,0
train/dog/dog(bench)/2368426.jpg,0
train/dog/dog(bench)/2369277.jpg,0
train/dog/dog(bench)/2369480.jpg,0
train/dog/dog(bench)/2369591.jpg,0
train/dog/dog(bench)/2370.jpg,0
train/dog/dog(bench)/2370381.jpg,0
train/dog/dog(bench)/2370710.jpg,0
train/dog/dog(bench)/2372091.jpg,0
train/dog/dog(bench)/2372770.jpg,0
train/dog/dog(bench)/2372773.jpg,0
train/dog/dog(bench)/2374180.jpg,0
train/dog/dog(bench)/2375612.jpg,0
train/dog/dog(bench)/2375883.jpg,0
train/dog/dog(bench)/2377113.jpg,0
train/dog/dog(bench)/2377375.jpg,0
train/dog/dog(bench)/2377704.jpg,0
train/dog/dog(bench)/2377932.jpg,0
train/dog/dog(bench)/2378957.jpg,0
train/dog/dog(bench)/2379464.jpg,0
train/dog/dog(bench)/2379519.jpg,0
train/dog/dog(bench)/2379667.jpg,0
train/dog/dog(bench)/2380226.jpg,0
train/dog/dog(bench)/2380863.jpg,0
train/dog/dog(bench)/2382026.jpg,0
train/dog/dog(bench)/2383950.jpg,0
train/dog/dog(bench)/2385539.jpg,0
train/dog/dog(bench)/2385853.jpg,0
train/dog/dog(bench)/2385923.jpg,0
train/dog/dog(bench)/2386233.jpg,0
train/dog/dog(bench)/2387928.jpg,0
train/dog/dog(bench)/2388743.jpg,0
train/dog/dog(bench)/2388985.jpg,0
train/dog/dog(bench)/2389867.jpg,0
train/dog/dog(bench)/2390585.jpg,0
train/dog/dog(bench)/2391053.jpg,0
train/dog/dog(bench)/2391456.jpg,0
train/dog/dog(bench)/2391682.jpg,0
train/dog/dog(bench)/2393152.jpg,0
train/dog/dog(bench)/2393780.jpg,0
train/dog/dog(bench)/2395104.jpg,0
train/dog/dog(bench)/2395217.jpg,0
train/dog/dog(bench)/2395402.jpg,0
train/dog/dog(bench)/2395632.jpg,0
train/dog/dog(bench)/2396875.jpg,0
train/dog/dog(bench)/2397739.jpg,0
train/dog/dog(bench)/2397926.jpg,0
train/dog/dog(bench)/2398065.jpg,0
train/dog/dog(bench)/2399207.jpg,0
train/dog/dog(bench)/2399492.jpg,0
train/dog/dog(bench)/2399812.jpg,0
train/dog/dog(bench)/2400408.jpg,0
train/dog/dog(bench)/2400930.jpg,0
train/dog/dog(bench)/2400993.jpg,0
train/dog/dog(bench)/2401877.jpg,0
train/dog/dog(bench)/2401902.jpg,0
train/dog/dog(bench)/2402211.jpg,0
train/dog/dog(bench)/2402353.jpg,0
train/dog/dog(bench)/2403048.jpg,0
train/dog/dog(bench)/2403205.jpg,0
train/dog/dog(bench)/2403537.jpg,0
train/dog/dog(bench)/2404204.jpg,0
train/dog/dog(bench)/2405103.jpg,0
train/dog/dog(bench)/2406283.jpg,0
train/dog/dog(bench)/2407605.jpg,0
train/dog/dog(bench)/2409417.jpg,0
train/dog/dog(bench)/2410321.jpg,0
train/dog/dog(bench)/2411794.jpg,0
train/dog/dog(bench)/2409092.jpg,0
train/dog/dog(bench)/2411951.jpg,0
train/dog/dog(bench)/2412575.jpg,0
train/dog/dog(bench)/2413945.jpg,0
train/dog/dog(bench)/2413634.jpg,0
train/dog/dog(bench)/2412702.jpg,0
train/dog/dog(bench)/2415617.jpg,0
train/dog/dog(bench)/2413820.jpg,0
train/dog/dog(bench)/2416740.jpg,0
train/dog/dog(bench)/2416883.jpg,0
train/dog/dog(bench)/286019.jpg,0
train/dog/dog(bench)/497940.jpg,0
train/dog/dog(bench)/2417767.jpg,0
train/dog/dog(bike)/107970.jpg,0
train/dog/dog(bike)/1159355.jpg,0
train/dog/dog(bike)/1159610.jpg,0
train/dog/dog(bike)/1160042.jpg,0
train/dog/dog(bike)/150429.jpg,0
train/dog/dog(bike)/1591911.jpg,0
train/dog/dog(bike)/1592658.jpg,0
train/dog/dog(bike)/1831.jpg,0
train/dog/dog(bike)/1592252.jpg,0
train/dog/dog(bike)/2315606.jpg,0
train/dog/dog(bike)/1592181.jpg,0
train/dog/dog(bike)/2316030.jpg,0
train/dog/dog(bike)/2316169.jpg,0
train/dog/dog(bike)/2315875.jpg,0
train/dog/dog(bike)/2316469.jpg,0
train/dog/dog(bike)/2316789.jpg,0
train/dog/dog(bike)/2316688.jpg,0
train/dog/dog(bike)/2316980.jpg,0
train/dog/dog(bike)/2317981.jpg,0
train/dog/dog(bike)/2318049.jpg,0
train/dog/dog(bike)/2318154.jpg,0
train/dog/dog(bike)/2318308.jpg,0
train/dog/dog(bike)/2317093.jpg,0
train/dog/dog(bike)/2318384.jpg,0
train/dog/dog(bike)/2318369.jpg,0
train/dog/dog(bike)/2318441.jpg,0
train/dog/dog(bike)/2318692.jpg,0
train/dog/dog(bike)/2319334.jpg,0
train/dog/dog(bike)/2320410.jpg,0
train/dog/dog(bike)/2319745.jpg,0
train/dog/dog(bike)/2320636.jpg,0
train/dog/dog(bike)/2321557.jpg,0
train/dog/dog(bike)/2321661.jpg,0
train/dog/dog(bike)/2322106.jpg,0
train/dog/dog(bike)/2320655.jpg,0
train/dog/dog(bike)/2322200.jpg,0
train/dog/dog(bike)/2322354.jpg,0
train/dog/dog(bike)/2322259.jpg,0
train/dog/dog(bike)/2322745.jpg,0
train/dog/dog(bike)/2323280.jpg,0
train/dog/dog(bike)/2322764.jpg,0
train/dog/dog(bike)/2323804.jpg,0
train/dog/dog(bike)/2323367.jpg,0
train/dog/dog(bike)/2324193.jpg,0
train/dog/dog(bike)/2324234.jpg,0
train/dog/dog(bike)/2325387.jpg,0
train/dog/dog(bike)/2325485.jpg,0
train/dog/dog(bike)/2326052.jpg,0
train/dog/dog(bike)/2326167.jpg,0
train/dog/dog(bike)/2326960.jpg,0
train/dog/dog(bike)/2327030.jpg,0
train/dog/dog(bike)/2327325.jpg,0
train/dog/dog(bike)/2328085.jpg,0
train/dog/dog(bike)/2328869.jpg,0
train/dog/dog(bike)/2328975.jpg,0
train/dog/dog(bike)/2329292.jpg,0
train/dog/dog(bike)/2329347.jpg,0
train/dog/dog(bike)/2329428.jpg,0
train/dog/dog(bike)/2330481.jpg,0
train/dog/dog(bike)/2331177.jpg,0
train/dog/dog(bike)/2332528.jpg,0
train/dog/dog(bike)/2333137.jpg,0
train/dog/dog(bike)/2333478.jpg,0
train/dog/dog(bike)/2333690.jpg,0
train/dog/dog(bike)/2334223.jpg,0
train/dog/dog(bike)/2315716.jpg,0
train/dog/dog(bike)/2334261.jpg,0
train/dog/dog(bike)/2334367.jpg,0
train/dog/dog(bike)/2324106.jpg,0
train/dog/dog(bike)/2335060.jpg,0
train/dog/dog(bike)/2334958.jpg,0
train/dog/dog(bike)/2335375.jpg,0
train/dog/dog(bike)/2335476.jpg,0
train/dog/dog(bike)/2335788.jpg,0
train/dog/dog(bike)/2335936.jpg,0
train/dog/dog(bike)/2336458.jpg,0
train/dog/dog(bike)/2336716.jpg,0
train/dog/dog(bike)/2337421.jpg,0
train/dog/dog(bike)/2338488.jpg,0
train/dog/dog(bike)/2339172.jpg,0
train/dog/dog(bike)/2339221.jpg,0
train/dog/dog(bike)/2339453.jpg,0
train/dog/dog(bike)/2340178.jpg,0
train/dog/dog(bike)/2341324.jpg,0
train/dog/dog(bike)/2335189.jpg,0
train/dog/dog(bike)/2341652.jpg,0
train/dog/dog(bike)/2342431.jpg,0
train/dog/dog(bike)/2342900.jpg,0
train/dog/dog(bike)/2332334.jpg,0
train/dog/dog(bike)/2343165.jpg,0
train/dog/dog(bike)/2343433.jpg,0
train/dog/dog(bike)/2334244.jpg,0
train/dog/dog(bike)/2341368.jpg,0
train/dog/dog(bike)/2344635.jpg,0
train/dog/dog(bike)/2345151.jpg,0
train/dog/dog(bike)/2345594.jpg,0
train/dog/dog(bike)/2345905.jpg,0
train/dog/dog(bike)/2346200.jpg,0
train/dog/dog(bike)/2344629.jpg,0
train/dog/dog(bike)/2347373.jpg,0
train/dog/dog(bike)/2347070.jpg,0
train/dog/dog(bike)/2347725.jpg,0
train/dog/dog(bike)/2348065.jpg,0
train/dog/dog(bike)/2347660.jpg,0
train/dog/dog(bike)/2348342.jpg,0
train/dog/dog(bike)/2348412.jpg,0
train/dog/dog(bike)/2348551.jpg,0
train/dog/dog(bike)/2349682.jpg,0
train/dog/dog(bike)/2349696.jpg,0
train/dog/dog(bike)/2348791.jpg,0
train/dog/dog(bike)/2350150.jpg,0
train/dog/dog(bike)/2349888.jpg,0
train/dog/dog(bike)/2350677.jpg,0
train/dog/dog(bike)/2351824.jpg,0
train/dog/dog(bike)/2350646.jpg,0
train/dog/dog(bike)/2352906.jpg,0
train/dog/dog(bike)/2353501.jpg,0
train/dog/dog(bike)/2353510.jpg,0
train/dog/dog(bike)/2353644.jpg,0
train/dog/dog(bike)/2353948.jpg,0
train/dog/dog(bike)/2354002.jpg,0
train/dog/dog(bike)/2355347.jpg,0
train/dog/dog(bike)/2355579.jpg,0
train/dog/dog(bike)/2355950.jpg,0
train/dog/dog(bike)/2356036.jpg,0
train/dog/dog(bike)/2355266.jpg,0
train/dog/dog(bike)/2356619.jpg,0
train/dog/dog(bike)/2356877.jpg,0
train/dog/dog(bike)/2357995.jpg,0
train/dog/dog(bike)/2358659.jpg,0
train/dog/dog(bike)/2358897.jpg,0
train/dog/dog(bike)/2343137.jpg,0
train/dog/dog(bike)/2359181.jpg,0
train/dog/dog(bike)/2343625.jpg,0
train/dog/dog(bike)/2359038.jpg,0
train/dog/dog(bike)/2359911.jpg,0
train/dog/dog(bike)/2360206.jpg,0
train/dog/dog(bike)/2360221.jpg,0
train/dog/dog(bike)/2360443.jpg,0
train/dog/dog(bike)/2360562.jpg,0
train/dog/dog(bike)/2360774.jpg,0
train/dog/dog(bike)/2360057.jpg,0
train/dog/dog(bike)/2361529.jpg,0
train/dog/dog(bike)/2356123.jpg,0
train/dog/dog(bike)/2361561.jpg,0
train/dog/dog(bike)/2362379.jpg,0
train/dog/dog(bike)/2361824.jpg,0
train/dog/dog(bike)/2359950.jpg,0
train/dog/dog(bike)/2362696.jpg,0
train/dog/dog(bike)/2362800.jpg,0
train/dog/dog(bike)/2363038.jpg,0
train/dog/dog(bike)/2361415.jpg,0
train/dog/dog(bike)/2363812.jpg,0
train/dog/dog(bike)/2362530.jpg,0
train/dog/dog(bike)/2363971.jpg,0
train/dog/dog(bike)/2364719.jpg,0
train/dog/dog(bike)/2365164.jpg,0
train/dog/dog(bike)/2364253.jpg,0
train/dog/dog(bike)/2365207.jpg,0
train/dog/dog(bike)/2365507.jpg,0
train/dog/dog(bike)/2364444.jpg,0
train/dog/dog(bike)/2365964.jpg,0
train/dog/dog(bike)/2366619.jpg,0
train/dog/dog(bike)/2366433.jpg,0
train/dog/dog(bike)/2366841.jpg,0
train/dog/dog(bike)/2366052.jpg,0
train/dog/dog(bike)/2367272.jpg,0
train/dog/dog(bike)/2367351.jpg,0
train/dog/dog(bike)/2367545.jpg,0
train/dog/dog(bike)/2367595.jpg,0
train/dog/dog(bike)/2367512.jpg,0
train/dog/dog(bike)/2368435.jpg,0
train/dog/dog(bike)/2367842.jpg,0
train/dog/dog(bike)/2368507.jpg,0
train/dog/dog(bike)/2367721.jpg,0
train/dog/dog(bike)/2368944.jpg,0
train/dog/dog(bike)/2369147.jpg,0
train/dog/dog(bike)/2369.jpg,0
train/dog/dog(bike)/2370711.jpg,0
train/dog/dog(bike)/2369783.jpg,0
train/dog/dog(bike)/2370145.jpg,0
train/dog/dog(bike)/2370001.jpg,0
train/dog/dog(bike)/2369959.jpg,0
train/dog/dog(bike)/2370727.jpg,0
train/dog/dog(bike)/2371249.jpg,0
train/dog/dog(bike)/2371032.jpg,0
train/dog/dog(bike)/2371647.jpg,0
train/dog/dog(bike)/2370877.jpg,0
train/dog/dog(bike)/2371865.jpg,0
train/dog/dog(bike)/2371922.jpg,0
train/dog/dog(bike)/2372332.jpg,0
train/dog/dog(bike)/2372452.jpg,0
train/dog/dog(bike)/2372773.jpg,0
train/dog/dog(bike)/2373351.jpg,0
train/dog/dog(bike)/2373754.jpg,0
train/dog/dog(bike)/2374195.jpg,0
train/dog/dog(bike)/2375612.jpg,0
train/dog/dog(bike)/2375883.jpg,0
train/dog/dog(bike)/2374573.jpg,0
train/dog/dog(bike)/2376077.jpg,0
train/dog/dog(bike)/2376104.jpg,0
train/dog/dog(bike)/2376391.jpg,0
train/dog/dog(bike)/2376567.jpg,0
train/dog/dog(bike)/2376475.jpg,0
train/dog/dog(bike)/2377194.jpg,0
train/dog/dog(bike)/2376812.jpg,0
train/dog/dog(bike)/2377314.jpg,0
train/dog/dog(bike)/2377018.jpg,0
train/dog/dog(bike)/2376697.jpg,0
train/dog/dog(bike)/2377375.jpg,0
train/dog/dog(bike)/2377469.jpg,0
train/dog/dog(bike)/2377429.jpg,0
train/dog/dog(bike)/2377474.jpg,0
train/dog/dog(bike)/2377704.jpg,0
train/dog/dog(bike)/2377946.jpg,0
train/dog/dog(bike)/2378582.jpg,0
train/dog/dog(bike)/2378957.jpg,0
train/dog/dog(bike)/2379063.jpg,0
train/dog/dog(bike)/2379154.jpg,0
train/dog/dog(bike)/2379225.jpg,0
train/dog/dog(bike)/2379484.jpg,0
train/dog/dog(bike)/2379667.jpg,0
train/dog/dog(bike)/2379774.jpg,0
train/dog/dog(bike)/2379730.jpg,0
train/dog/dog(bike)/2380760.jpg,0
train/dog/dog(bike)/2380825.jpg,0
train/dog/dog(bike)/2380863.jpg,0
train/dog/dog(bike)/2380921.jpg,0
train/dog/dog(bike)/2380956.jpg,0
train/dog/dog(bike)/2381402.jpg,0
train/dog/dog(bike)/2381417.jpg,0
train/dog/dog(bike)/2382042.jpg,0
train/dog/dog(bike)/2382121.jpg,0
train/dog/dog(bike)/2382399.jpg,0
train/dog/dog(bike)/2382301.jpg,0
train/dog/dog(bike)/2382687.jpg,0
train/dog/dog(bike)/2382466.jpg,0
train/dog/dog(bike)/2383170.jpg,0
train/dog/dog(bike)/2383229.jpg,0
train/dog/dog(bike)/2383945.jpg,0
train/dog/dog(bike)/2384081.jpg,0
train/dog/dog(bike)/2384339.jpg,0
train/dog/dog(bike)/2384109.jpg,0
train/dog/dog(bike)/2384424.jpg,0
train/dog/dog(bike)/2384455.jpg,0
train/dog/dog(bike)/2385762.jpg,0
train/dog/dog(bike)/2384517.jpg,0
train/dog/dog(bike)/2385923.jpg,0
train/dog/dog(bike)/2386134.jpg,0
train/dog/dog(bike)/2386435.jpg,0
train/dog/dog(bike)/2386795.jpg,0
train/dog/dog(bike)/2386512.jpg,0
train/dog/dog(bike)/2387128.jpg,0
train/dog/dog(bike)/2387137.jpg,0
train/dog/dog(bike)/2387140.jpg,0
train/dog/dog(bike)/2388411.jpg,0
train/dog/dog(bike)/2387862.jpg,0
train/dog/dog(bike)/2387995.jpg,0
train/dog/dog(bike)/2387472.jpg,0
train/dog/dog(bike)/2388687.jpg,0
train/dog/dog(bike)/2388985.jpg,0
train/dog/dog(bike)/2389743.jpg,0
train/dog/dog(bike)/2391492.jpg,0
train/dog/dog(bike)/2392123.jpg,0
train/dog/dog(bike)/2392036.jpg,0
train/dog/dog(bike)/2391456.jpg,0
train/dog/dog(bike)/2391849.jpg,0
train/dog/dog(bike)/2392197.jpg,0
train/dog/dog(bike)/2393152.jpg,0
train/dog/dog(bike)/2393573.jpg,0
train/dog/dog(bike)/2393911.jpg,0
train/dog/dog(bike)/2394449.jpg,0
train/dog/dog(bike)/2394272.jpg,0
train/dog/dog(bike)/2393173.jpg,0
train/dog/dog(bike)/2394611.jpg,0
train/dog/dog(bike)/2394647.jpg,0
train/dog/dog(bike)/2395104.jpg,0
train/dog/dog(bike)/2395207.jpg,0
train/dog/dog(bike)/2395632.jpg,0
train/dog/dog(bike)/2395166.jpg,0
train/dog/dog(bike)/2395684.jpg,0
train/dog/dog(bike)/2395806.jpg,0
train/dog/dog(bike)/2396164.jpg,0
train/dog/dog(bike)/2396988.jpg,0
train/dog/dog(bike)/2396753.jpg,0
train/dog/dog(bike)/2397601.jpg,0
train/dog/dog(bike)/2397739.jpg,0
train/dog/dog(bike)/2397768.jpg,0
train/dog/dog(bike)/2399233.jpg,0
train/dog/dog(bike)/2397787.jpg,0
train/dog/dog(bike)/2398619.jpg,0
train/dog/dog(bike)/2399443.jpg,0
train/dog/dog(bike)/2399755.jpg,0
train/dog/dog(bike)/2400408.jpg,0
train/dog/dog(bike)/2400642.jpg,0
train/dog/dog(bike)/2400135.jpg,0
train/dog/dog(bike)/2400986.jpg,0
train/dog/dog(bike)/2401465.jpg,0
train/dog/dog(bike)/2401902.jpg,0
train/dog/dog(bike)/2402353.jpg,0
train/dog/dog(bike)/2402346.jpg,0
train/dog/dog(bike)/2402657.jpg,0
train/dog/dog(bike)/2402737.jpg,0
train/dog/dog(bike)/2403639.jpg,0
train/dog/dog(bike)/2402984.jpg,0
train/dog/dog(bike)/2403710.jpg,0
train/dog/dog(bike)/2403205.jpg,0
train/dog/dog(bike)/2404081.jpg,0
train/dog/dog(bike)/2404163.jpg,0
train/dog/dog(bike)/2404245.jpg,0
train/dog/dog(bike)/2404537.jpg,0
train/dog/dog(bike)/2405419.jpg,0
train/dog/dog(bike)/2404482.jpg,0
train/dog/dog(bike)/2406001.jpg,0
train/dog/dog(bike)/2406272.jpg,0
train/dog/dog(bike)/2406798.jpg,0
train/dog/dog(bike)/2406821.jpg,0
train/dog/dog(bike)/2406866.jpg,0
train/dog/dog(bike)/2406283.jpg,0
train/dog/dog(bike)/2407227.jpg,0
train/dog/dog(bike)/2407435.jpg,0
train/dog/dog(bike)/2407878.jpg,0
train/dog/dog(bike)/2407605.jpg,0
train/dog/dog(bike)/2408110.jpg,0
train/dog/dog(bike)/2408562.jpg,0
train/dog/dog(bike)/2409618.jpg,0
train/dog/dog(bike)/2409245.jpg,0
train/dog/dog(bike)/2409697.jpg,0
train/dog/dog(bike)/2409094.jpg,0
train/dog/dog(bike)/2409740.jpg,0
train/dog/dog(bike)/2411557.jpg,0
train/dog/dog(bike)/2411786.jpg,0
train/dog/dog(bike)/2412325.jpg,0
train/dog/dog(bike)/2412794.jpg,0
train/dog/dog(bike)/2413579.jpg,0
train/dog/dog(bike)/2412423.jpg,0
train/dog/dog(bike)/2413820.jpg,0
train/dog/dog(bike)/2413945.jpg,0
train/dog/dog(bike)/2413880.jpg,0
train/dog/dog(bike)/2414471.jpg,0
train/dog/dog(bike)/2414053.jpg,0
train/dog/dog(bike)/2414764.jpg,0
train/dog/dog(bike)/2415110.jpg,0
train/dog/dog(bike)/2414629.jpg,0
train/dog/dog(bike)/2415617.jpg,0
train/dog/dog(bike)/2415707.jpg,0
train/dog/dog(bike)/2415911.jpg,0
train/dog/dog(bike)/2416114.jpg,0
train/dog/dog(bike)/2415276.jpg,0
train/dog/dog(bike)/2416234.jpg,0
train/dog/dog(bike)/2416699.jpg,0
train/dog/dog(bike)/2416279.jpg,0
train/dog/dog(bike)/2416836.jpg,0
train/dog/dog(bike)/2416883.jpg,0
train/dog/dog(bike)/2417119.jpg,0
train/dog/dog(bike)/2417191.jpg,0
train/dog/dog(bike)/285650.jpg,0
train/dog/dog(bike)/285822.jpg,0
train/dog/dog(bike)/286019.jpg,0
train/dog/dog(bike)/308.jpg,0
train/dog/dog(bike)/3424.jpg,0
train/dog/dog(bike)/619.jpg,0
train/dog/dog(bike)/588.jpg,0
train/dog/dog(bike)/713331.jpg,0
train/dog/dog(bike)/713048.jpg,0
train/dog/dog(bike)/722.jpg,0
train/dog/dog(bike)/713479.jpg,0
test/cat/cat(shelf)/1592349.jpg,1
test/cat/cat(shelf)/1593184.jpg,2
test/cat/cat(shelf)/2315363.jpg,1
test/cat/cat(shelf)/2317010.jpg,2
test/cat/cat(shelf)/2318159.jpg,1
test/cat/cat(shelf)/2318181.jpg,2
test/cat/cat(shelf)/2318502.jpg,2
test/cat/cat(shelf)/2318834.jpg,2
test/cat/cat(shelf)/2319442.jpg,2
test/cat/cat(shelf)/2320439.jpg,2
test/cat/cat(shelf)/2320463.jpg,2
test/cat/cat(shelf)/2320723.jpg,1
test/cat/cat(shelf)/2320763.jpg,2
test/cat/cat(shelf)/2322420.jpg,2
test/cat/cat(shelf)/2322701.jpg,2
test/cat/cat(shelf)/2323308.jpg,2
test/cat/cat(shelf)/2323795.jpg,1
test/cat/cat(shelf)/2323828.jpg,1
test/cat/cat(shelf)/2324103.jpg,2
test/cat/cat(shelf)/2325123.jpg,2
test/cat/cat(shelf)/2325832.jpg,2
test/cat/cat(shelf)/2326275.jpg,2
test/cat/cat(shelf)/2327161.jpg,1
test/cat/cat(shelf)/2327663.jpg,2
test/cat/cat(shelf)/2328959.jpg,2
test/cat/cat(shelf)/2329019.jpg,2
test/cat/cat(shelf)/2329454.jpg,1
test/cat/cat(shelf)/2330125.jpg,1
test/cat/cat(shelf)/2330581.jpg,2
test/cat/cat(shelf)/2331252.jpg,2
test/cat/cat(shelf)/2331812.jpg,2
test/cat/cat(shelf)/2332813.jpg,2
test/cat/cat(shelf)/2334600.jpg,2
test/cat/cat(shelf)/2336072.jpg,2
test/cat/cat(shelf)/2336083.jpg,2
test/cat/cat(shelf)/2336124.jpg,2
test/cat/cat(shelf)/2336149.jpg,2
test/cat/cat(shelf)/2336212.jpg,2
test/cat/cat(shelf)/2336954.jpg,2
test/cat/cat(shelf)/2337009.jpg,2
test/cat/cat(shelf)/2337225.jpg,1
test/cat/cat(shelf)/2337354.jpg,2
test/cat/cat(shelf)/2337662.jpg,2
test/cat/cat(shelf)/2337840.jpg,1
test/cat/cat(shelf)/2338574.jpg,2
test/cat/cat(shelf)/2338890.jpg,2
test/cat/cat(shelf)/2339912.jpg,2
test/cat/cat(shelf)/2340179.jpg,2
test/cat/cat(shelf)/2340468.jpg,2
test/cat/cat(shelf)/2341070.jpg,2
test/cat/cat(shelf)/2341392.jpg,1
test/cat/cat(shelf)/2341411.jpg,2
test/cat/cat(shelf)/2341975.jpg,2
test/cat/cat(shelf)/2342084.jpg,2
test/cat/cat(shelf)/2342271.jpg,2
test/cat/cat(shelf)/2342361.jpg,1
test/cat/cat(shelf)/2342644.jpg,2
test/cat/cat(shelf)/2342932.jpg,2
test/cat/cat(shelf)/2343011.jpg,2
test/cat/cat(shelf)/2343020.jpg,2
test/cat/cat(shelf)/2343208.jpg,2
test/cat/cat(shelf)/2343780.jpg,1
test/cat/cat(shelf)/2343866.jpg,2
test/cat/cat(shelf)/2344206.jpg,2
test/cat/cat(shelf)/2344463.jpg,1
test/cat/cat(shelf)/2344608.jpg,2
test/cat/cat(shelf)/2344649.jpg,2
test/cat/cat(shelf)/2344774.jpg,2
test/cat/cat(shelf)/2345284.jpg,2
test/cat/cat(shelf)/2345671.jpg,2
test/cat/cat(shelf)/2345806.jpg,2
test/cat/cat(shelf)/2346216.jpg,2
test/cat/cat(shelf)/2346371.jpg,2
test/cat/cat(shelf)/2346424.jpg,2
test/cat/cat(shelf)/2346630.jpg,1
test/cat/cat(shelf)/2347162.jpg,2
test/cat/cat(shelf)/2347346.jpg,2
test/cat/cat(shelf)/2347649.jpg,2
test/cat/cat(shelf)/2348846.jpg,2
test/cat/cat(shelf)/2348953.jpg,2
test/cat/cat(shelf)/2349617.jpg,2
test/cat/cat(shelf)/2350885.jpg,2
test/cat/cat(shelf)/2351067.jpg,2
test/cat/cat(shelf)/2351211.jpg,2
test/cat/cat(shelf)/2351231.jpg,2
test/cat/cat(shelf)/2352553.jpg,2
test/cat/cat(shelf)/2353043.jpg,2
test/cat/cat(shelf)/2354644.jpg,2
test/cat/cat(shelf)/2354780.jpg,2
test/cat/cat(shelf)/2354973.jpg,1
test/cat/cat(shelf)/2355258.jpg,2
test/cat/cat(shelf)/2355400.jpg,2
test/cat/cat(shelf)/2355844.jpg,2
test/cat/cat(shelf)/2355955.jpg,2
test/cat/cat(shelf)/2355990.jpg,2
test/cat/cat(shelf)/2356215.jpg,2
test/cat/cat(shelf)/2356497.jpg,2
test/cat/cat(shelf)/2357484.jpg,2
test/cat/cat(shelf)/2356548.jpg,2
test/cat/cat(shelf)/2357990.jpg,2
test/cat/cat(shelf)/2358235.jpg,2
test/cat/cat(shelf)/2357260.jpg,2
test/cat/cat(shelf)/2358909.jpg,2
test/cat/cat(shelf)/2359165.jpg,2
test/cat/cat(shelf)/2359891.jpg,2
test/cat/cat(shelf)/2359483.jpg,2
test/cat/cat(shelf)/2359998.jpg,2
test/cat/cat(shelf)/2360253.jpg,2
test/cat/cat(shelf)/2360503.jpg,2
test/cat/cat(shelf)/2360922.jpg,1
test/cat/cat(shelf)/2361300.jpg,2
test/cat/cat(shelf)/2364155.jpg,2
test/cat/cat(shelf)/2364431.jpg,2
test/cat/cat(shelf)/2364617.jpg,1
test/cat/cat(shelf)/2365314.jpg,2
test/cat/cat(shelf)/2366556.jpg,2
test/cat/cat(shelf)/2366623.jpg,2
test/cat/cat(shelf)/2366798.jpg,2
test/cat/cat(shelf)/2368296.jpg,2
test/cat/cat(shelf)/2368301.jpg,2
test/cat/cat(shelf)/2368323.jpg,2
test/cat/cat(shelf)/2369453.jpg,2
test/cat/cat(shelf)/2369582.jpg,2
test/cat/cat(shelf)/2369997.jpg,2
test/cat/cat(shelf)/2370331.jpg,1
test/cat/cat(shelf)/2370492.jpg,1
test/cat/cat(shelf)/2370815.jpg,2
test/cat/cat(shelf)/2370837.jpg,2
test/cat/cat(shelf)/2371101.jpg,2
test/cat/cat(shelf)/2371381.jpg,2
test/cat/cat(shelf)/2371532.jpg,2
test/cat/cat(shelf)/2372008.jpg,1
test/cat/cat(shelf)/2372551.jpg,2
test/cat/cat(shelf)/2373001.jpg,2
test/cat/cat(shelf)/2373489.jpg,2
test/cat/cat(shelf)/2373613.jpg,2
test/cat/cat(shelf)/2374615.jpg,1
test/cat/cat(shelf)/2375634.jpg,2
test/cat/cat(shelf)/2375948.jpg,2
test/cat/cat(shelf)/2376838.jpg,2
test/cat/cat(shelf)/2377325.jpg,2
test/cat/cat(shelf)/2377724.jpg,2
test/cat/cat(shelf)/2378759.jpg,2
test/cat/cat(shelf)/2379860.jpg,2
test/cat/cat(shelf)/2380796.jpg,2
test/cat/cat(shelf)/2381357.jpg,1
test/cat/cat(shelf)/2381542.jpg,1
test/cat/cat(shelf)/2381795.jpg,2
test/cat/cat(shelf)/2381837.jpg,2
test/cat/cat(shelf)/2383641.jpg,2
test/cat/cat(shelf)/2384052.jpg,2
test/cat/cat(shelf)/2385325.jpg,2
test/cat/cat(shelf)/2386371.jpg,2
test/cat/cat(shelf)/2382974.jpg,2
test/cat/cat(shelf)/2386887.jpg,2
test/cat/cat(shelf)/2387321.jpg,2
test/cat/cat(shelf)/2387323.jpg,2
test/cat/cat(shelf)/2388015.jpg,2
test/cat/cat(shelf)/2388317.jpg,2
test/cat/cat(shelf)/2388884.jpg,2
test/cat/cat(shelf)/2389421.jpg,2
test/cat/cat(shelf)/2389522.jpg,2
test/cat/cat(shelf)/2389676.jpg,1
test/cat/cat(shelf)/2389687.jpg,2
test/cat/cat(shelf)/2389700.jpg,2
test/cat/cat(shelf)/2389921.jpg,2
test/cat/cat(shelf)/2390255.jpg,2
test/cat/cat(shelf)/2390524.jpg,2
test/cat/cat(shelf)/2390853.jpg,2
test/cat/cat(shelf)/2390944.jpg,2
test/cat/cat(shelf)/2391390.jpg,2
test/cat/cat(shelf)/2392120.jpg,2
test/cat/cat(shelf)/2392699.jpg,2
test/cat/cat(shelf)/2393021.jpg,2
test/cat/cat(shelf)/2393066.jpg,2
test/cat/cat(shelf)/2393534.jpg,2
test/cat/cat(shelf)/2394492.jpg,2
test/cat/cat(shelf)/2394803.jpg,2
test/cat/cat(shelf)/2394894.jpg,2
test/cat/cat(shelf)/2395193.jpg,2
test/cat/cat(shelf)/2396038.jpg,2
test/cat/cat(shelf)/2397239.jpg,2
test/cat/cat(shelf)/2397992.jpg,2
test/cat/cat(shelf)/2398075.jpg,2
test/cat/cat(shelf)/2399138.jpg,2
test/cat/cat(shelf)/2399787.jpg,2
test/cat/cat(shelf)/2399916.jpg,2
test/cat/cat(shelf)/2400803.jpg,2
test/cat/cat(shelf)/2400946.jpg,2
test/cat/cat(shelf)/2401377.jpg,1
test/cat/cat(shelf)/2402505.jpg,2
test/cat/cat(shelf)/2402511.jpg,2
test/cat/cat(shelf)/2402707.jpg,2
test/cat/cat(shelf)/2403201.jpg,2
test/cat/cat(shelf)/2403463.jpg,2
test/cat/cat(shelf)/2403773.jpg,2
test/cat/cat(shelf)/2403925.jpg,2
test/cat/cat(shelf)/2404280.jpg,2
test/cat/cat(shelf)/2404899.jpg,2
test/cat/cat(shelf)/2405440.jpg,2
test/cat/cat(shelf)/2405874.jpg,2
test/cat/cat(shelf)/2406468.jpg,2
test/cat/cat(shelf)/2406732.jpg,2
test/cat/cat(shelf)/2406766.jpg,2
test/cat/cat(shelf)/2406839.jpg,2
test/cat/cat(shelf)/2407194.jpg,2
test/cat/cat(shelf)/2407314.jpg,2
test/cat/cat(shelf)/2407462.jpg,2
test/cat/cat(shelf)/2408874.jpg,2
test/cat/cat(shelf)/2408925.jpg,2
test/cat/cat(shelf)/2409429.jpg,1
test/cat/cat(shelf)/2409463.jpg,2
test/cat/cat(shelf)/2409571.jpg,2
test/cat/cat(shelf)/2409879.jpg,2
test/cat/cat(shelf)/2410144.jpg,2
test/cat/cat(shelf)/2410178.jpg,2
test/cat/cat(shelf)/2410338.jpg,2
test/cat/cat(shelf)/2410452.jpg,2
test/cat/cat(shelf)/2411213.jpg,2
test/cat/cat(shelf)/2412419.jpg,2
test/cat/cat(shelf)/2412530.jpg,2
test/cat/cat(shelf)/2412685.jpg,2
test/cat/cat(shelf)/2413166.jpg,1
test/cat/cat(shelf)/2414520.jpg,2
test/cat/cat(shelf)/2415288.jpg,2
test/cat/cat(shelf)/2416021.jpg,1
test/cat/cat(shelf)/2416054.jpg,1
test/cat/cat(shelf)/2415551.jpg,2
test/cat/cat(shelf)/2416812.jpg,2
test/cat/cat(shelf)/2417356.jpg,2
test/cat/cat(shelf)/2417416.jpg,2
test/cat/cat(shelf)/2417769.jpg,2
test/cat/cat(shelf)/285682.jpg,2
test/cat/cat(shelf)/713414.jpg,2
test/cat/cat(shelf)/713492.jpg,2
test/dog/dog(shelf)/1159995.jpg,2
test/dog/dog(shelf)/1159301.jpg,2
test/dog/dog(shelf)/1386.jpg,2
test/dog/dog(shelf)/1592440.jpg,2
test/dog/dog(shelf)/1592555.jpg,2
test/dog/dog(shelf)/1592560.jpg,2
test/dog/dog(shelf)/1592815.jpg,1
test/dog/dog(shelf)/1593035.jpg,2
test/dog/dog(shelf)/1593220.jpg,2
test/dog/dog(shelf)/2315589.jpg,2
test/dog/dog(shelf)/2315773.jpg,2
test/dog/dog(shelf)/2316162.jpg,2
test/dog/dog(shelf)/2316809.jpg,2
test/dog/dog(shelf)/2317257.jpg,2
test/dog/dog(shelf)/2318876.jpg,2
test/dog/dog(shelf)/2319382.jpg,2
test/dog/dog(shelf)/2320097.jpg,2
test/dog/dog(shelf)/2320460.jpg,2
test/dog/dog(shelf)/2320693.jpg,2
test/dog/dog(shelf)/2321511.jpg,2
test/dog/dog(shelf)/2322634.jpg,2
test/dog/dog(shelf)/2322781.jpg,2
test/dog/dog(shelf)/2322940.jpg,2
test/dog/dog(shelf)/2323250.jpg,2
test/dog/dog(shelf)/2323306.jpg,2
test/dog/dog(shelf)/2323585.jpg,2
test/dog/dog(shelf)/2323699.jpg,2
test/dog/dog(shelf)/2323880.jpg,2
test/dog/dog(shelf)/2324478.jpg,2
test/dog/dog(shelf)/2324546.jpg,2
test/dog/dog(shelf)/2325910.jpg,2
test/dog/dog(shelf)/2326335.jpg,2
test/dog/dog(shelf)/2326608.jpg,2
test/dog/dog(shelf)/2326888.jpg,2
test/dog/dog(shelf)/2326904.jpg,2
test/dog/dog(shelf)/2327076.jpg,1
test/dog/dog(shelf)/2327736.jpg,1
test/dog/dog(shelf)/2328011.jpg,2
test/dog/dog(shelf)/2328090.jpg,1
test/dog/dog(shelf)/2328105.jpg,2
test/dog/dog(shelf)/2328987.jpg,2
test/dog/dog(shelf)/2329456.jpg,2
test/dog/dog(shelf)/2329691.jpg,2
test/dog/dog(shelf)/2329720.jpg,2
test/dog/dog(shelf)/2329840.jpg,2
test/dog/dog(shelf)/2329942.jpg,2
test/dog/dog(shelf)/2330505.jpg,1
test/dog/dog(shelf)/2330693.jpg,2
test/dog/dog(shelf)/2330759.jpg,2
test/dog/dog(shelf)/2331500.jpg,2
test/dog/dog(shelf)/2332157.jpg,2
test/dog/dog(shelf)/2332513.jpg,2
test/dog/dog(shelf)/2332745.jpg,2
test/dog/dog(shelf)/2332921.jpg,2
test/dog/dog(shelf)/2333618.jpg,2
test/dog/dog(shelf)/2333815.jpg,2
test/dog/dog(shelf)/2334928.jpg,2
test/dog/dog(shelf)/2335388.jpg,2
test/dog/dog(shelf)/2336234.jpg,2
test/dog/dog(shelf)/2336448.jpg,2
test/dog/dog(shelf)/2337026.jpg,2
test/dog/dog(shelf)/2337084.jpg,2
test/dog/dog(shelf)/2337628.jpg,2
test/dog/dog(shelf)/2338275.jpg,1
test/dog/dog(shelf)/2338677.jpg,1
test/dog/dog(shelf)/2338984.jpg,2
test/dog/dog(shelf)/2339238.jpg,2
test/dog/dog(shelf)/2339341.jpg,2
test/dog/dog(shelf)/2339367.jpg,2
test/dog/dog(shelf)/2339756.jpg,1
test/dog/dog(shelf)/2339782.jpg,2
test/dog/dog(shelf)/2339803.jpg,1
test/dog/dog(shelf)/2339807.jpg,2
test/dog/dog(shelf)/2340494.jpg,1
test/dog/dog(shelf)/2340627.jpg,2
test/dog/dog(shelf)/2341401.jpg,2
test/dog/dog(shelf)/2341937.jpg,2
test/dog/dog(shelf)/2342226.jpg,2
test/dog/dog(shelf)/2342372.jpg,2
test/dog/dog(shelf)/2342517.jpg,2
test/dog/dog(shelf)/2342557.jpg,2
test/dog/dog(shelf)/2343212.jpg,2
test/dog/dog(shelf)/2343510.jpg,1
test/dog/dog(shelf)/2344055.jpg,2
test/dog/dog(shelf)/2344086.jpg,2
test/dog/dog(shelf)/2344110.jpg,2
test/dog/dog(shelf)/2344647.jpg,2
test/dog/dog(shelf)/2345520.jpg,2
test/dog/dog(shelf)/2346390.jpg,2
test/dog/dog(shelf)/2346434.jpg,2
test/dog/dog(shelf)/2346821.jpg,2
test/dog/dog(shelf)/2347216.jpg,2
test/dog/dog(shelf)/2347340.jpg,2
test/dog/dog(shelf)/2347473.jpg,2
test/dog/dog(shelf)/2347526.jpg,2
test/dog/dog(shelf)/2347727.jpg,2
test/dog/dog(shelf)/2347801.jpg,1
test/dog/dog(shelf)/2349421.jpg,2
test/dog/dog(shelf)/2349556.jpg,1
test/dog/dog(shelf)/2350371.jpg,2
test/dog/dog(shelf)/2350539.jpg,2
test/dog/dog(shelf)/2350820.jpg,2
test/dog/dog(shelf)/2351390.jpg,2
test/dog/dog(shelf)/2352170.jpg,2
test/dog/dog(shelf)/2352286.jpg,2
test/dog/dog(shelf)/2352588.jpg,2
test/dog/dog(shelf)/2352752.jpg,2
test/dog/dog(shelf)/2353356.jpg,1
test/dog/dog(shelf)/2353381.jpg,2
test/dog/dog(shelf)/2352782.jpg,2
test/dog/dog(shelf)/2353477.jpg,2
test/dog/dog(shelf)/2353760.jpg,2
test/dog/dog(shelf)/2353922.jpg,2
test/dog/dog(shelf)/2354073.jpg,2
test/dog/dog(shelf)/2354305.jpg,2
test/dog/dog(shelf)/2354382.jpg,2
test/dog/dog(shelf)/2354589.jpg,2
test/dog/dog(shelf)/2355121.jpg,2
test/dog/dog(shelf)/2355519.jpg,1
test/dog/dog(shelf)/2355561.jpg,2
test/dog/dog(shelf)/2356084.jpg,2
test/dog/dog(shelf)/2356322.jpg,1
test/dog/dog(shelf)/2356624.jpg,2
test/dog/dog(shelf)/2357667.jpg,2
test/dog/dog(shelf)/2358350.jpg,2
test/dog/dog(shelf)/2358614.jpg,1
test/dog/dog(shelf)/2358926.jpg,1
test/dog/dog(shelf)/2358936.jpg,1
test/dog/dog(shelf)/2359049.jpg,2
test/dog/dog(shelf)/2360290.jpg,2
test/dog/dog(shelf)/2360679.jpg,1
test/dog/dog(shelf)/2361504.jpg,2
test/dog/dog(shelf)/2361576.jpg,2
test/dog/dog(shelf)/2361800.jpg,2
test/dog/dog(shelf)/2362093.jpg,2
test/dog/dog(shelf)/2362554.jpg,2
test/dog/dog(shelf)/2362763.jpg,1
test/dog/dog(shelf)/2363386.jpg,1
test/dog/dog(shelf)/2363530.jpg,1
test/dog/dog(shelf)/2363601.jpg,1
test/dog/dog(shelf)/2363811.jpg,1
test/dog/dog(shelf)/2363820.jpg,2
test/dog/dog(shelf)/2364130.jpg,2
test/dog/dog(shelf)/2364637.jpg,2
test/dog/dog(shelf)/2365586.jpg,2
test/dog/dog(shelf)/2365761.jpg,2
test/dog/dog(shelf)/2365847.jpg,2
test/dog/dog(shelf)/2366038.jpg,2
test/dog/dog(shelf)/2366230.jpg,1
test/dog/dog(shelf)/2366617.jpg,2
test/dog/dog(shelf)/2366850.jpg,1
test/dog/dog(shelf)/2366961.jpg,2
test/dog/dog(shelf)/2367068.jpg,2
test/dog/dog(shelf)/2367636.jpg,1
test/dog/dog(shelf)/2368057.jpg,2
test/dog/dog(shelf)/2368304.jpg,2
test/dog/dog(shelf)/2368409.jpg,1
test/dog/dog(shelf)/2368415.jpg,2
test/dog/dog(shelf)/2368734.jpg,2
test/dog/dog(shelf)/2368834.jpg,2
test/dog/dog(shelf)/2369028.jpg,2
test/dog/dog(shelf)/2369270.jpg,2
test/dog/dog(shelf)/2369402.jpg,2
test/dog/dog(shelf)/2369749.jpg,2
test/dog/dog(shelf)/2369966.jpg,1
test/dog/dog(shelf)/2370023.jpg,2
test/dog/dog(shelf)/2370203.jpg,2
test/dog/dog(shelf)/2371106.jpg,2
test/dog/dog(shelf)/2371420.jpg,2
test/dog/dog(shelf)/2371612.jpg,2
test/dog/dog(shelf)/2371691.jpg,2
test/dog/dog(shelf)/2371965.jpg,2
test/dog/dog(shelf)/2372148.jpg,2
test/dog/dog(shelf)/2372176.jpg,1
test/dog/dog(shelf)/2372968.jpg,2
test/dog/dog(shelf)/2373288.jpg,1
test/dog/dog(shelf)/2373340.jpg,1
test/dog/dog(shelf)/2373955.jpg,2
test/dog/dog(shelf)/2374026.jpg,2
test/dog/dog(shelf)/2374798.jpg,2
test/dog/dog(shelf)/2375125.jpg,2
test/dog/dog(shelf)/2375328.jpg,2
test/dog/dog(shelf)/2375589.jpg,2
test/dog/dog(shelf)/2376062.jpg,2
test/dog/dog(shelf)/2376173.jpg,1
test/dog/dog(shelf)/2376600.jpg,2
test/dog/dog(shelf)/2377106.jpg,2
test/dog/dog(shelf)/2377179.jpg,2
test/dog/dog(shelf)/2377466.jpg,2
test/dog/dog(shelf)/2377864.jpg,2
test/dog/dog(shelf)/2378013.jpg,1
test/dog/dog(shelf)/2378020.jpg,2
test/dog/dog(shelf)/2379316.jpg,2
test/dog/dog(shelf)/2379476.jpg,2
test/dog/dog(shelf)/2379497.jpg,2
test/dog/dog(shelf)/2379912.jpg,2
test/dog/dog(shelf)/2380064.jpg,1
test/dog/dog(shelf)/2380470.jpg,2
test/dog/dog(shelf)/2380480.jpg,2
test/dog/dog(shelf)/2380554.jpg,1
test/dog/dog(shelf)/2380985.jpg,2
test/dog/dog(shelf)/2381059.jpg,2
test/dog/dog(shelf)/2381664.jpg,2
test/dog/dog(shelf)/2382362.jpg,2
test/dog/dog(shelf)/2382519.jpg,1
test/dog/dog(shelf)/2382565.jpg,2
test/dog/dog(shelf)/2382854.jpg,2
test/dog/dog(shelf)/2382950.jpg,2
test/dog/dog(shelf)/2383242.jpg,2
test/dog/dog(shelf)/2383244.jpg,2
test/dog/dog(shelf)/2383252.jpg,2
test/dog/dog(shelf)/2384105.jpg,2
test/dog/dog(shelf)/2384567.jpg,2
test/dog/dog(shelf)/2384866.jpg,2
test/dog/dog(shelf)/2385023.jpg,2
test/dog/dog(shelf)/2385453.jpg,2
test/dog/dog(shelf)/2385624.jpg,2
test/dog/dog(shelf)/2385897.jpg,2
test/dog/dog(shelf)/2386001.jpg,2
test/dog/dog(shelf)/2386443.jpg,2
test/dog/dog(shelf)/2386459.jpg,2
test/dog/dog(shelf)/2387489.jpg,2
test/dog/dog(shelf)/2387900.jpg,2
test/dog/dog(shelf)/2388013.jpg,2
test/dog/dog(shelf)/2388214.jpg,1
test/dog/dog(shelf)/2388320.jpg,2
test/dog/dog(shelf)/2389127.jpg,2
test/dog/dog(shelf)/2389494.jpg,2
test/dog/dog(shelf)/2389504.jpg,2
test/dog/dog(shelf)/2389777.jpg,2
test/dog/dog(shelf)/2390039.jpg,1
test/dog/dog(shelf)/2390214.jpg,2
test/dog/dog(shelf)/2390441.jpg,2
test/dog/dog(shelf)/2390979.jpg,1
test/dog/dog(shelf)/2391621.jpg,2
test/dog/dog(shelf)/2391800.jpg,2
test/dog/dog(shelf)/2392560.jpg,1
test/dog/dog(shelf)/2393362.jpg,2
test/dog/dog(shelf)/2393574.jpg,2
test/dog/dog(shelf)/2393729.jpg,2
test/dog/dog(shelf)/2393765.jpg,2
test/dog/dog(shelf)/2393895.jpg,2
test/dog/dog(shelf)/2393935.jpg,2
test/dog/dog(shelf)/2394191.jpg,1
test/dog/dog(shelf)/2394435.jpg,2
test/dog/dog(shelf)/2396028.jpg,2
test/dog/dog(shelf)/2394499.jpg,2
test/dog/dog(shelf)/2394882.jpg,2
test/dog/dog(shelf)/2394890.jpg,2
test/dog/dog(shelf)/2395551.jpg,1
test/dog/dog(shelf)/2397033.jpg,1
test/dog/dog(shelf)/2397204.jpg,2
test/dog/dog(shelf)/2397742.jpg,2
test/dog/dog(shelf)/2399606.jpg,2
test/dog/dog(shelf)/2400563.jpg,2
test/dog/dog(shelf)/2400805.jpg,1
test/dog/dog(shelf)/2401103.jpg,2
test/dog/dog(shelf)/2401769.jpg,1
test/dog/dog(shelf)/2401870.jpg,2
test/dog/dog(shelf)/2402349.jpg,1
test/dog/dog(shelf)/2402665.jpg,2
test/dog/dog(shelf)/2402933.jpg,2
test/dog/dog(shelf)/2403057.jpg,2
test/dog/dog(shelf)/2403149.jpg,2
test/dog/dog(shelf)/2403245.jpg,2
test/dog/dog(shelf)/2403520.jpg,2
test/dog/dog(shelf)/2404067.jpg,2
test/dog/dog(shelf)/2404687.jpg,2
test/dog/dog(shelf)/2404862.jpg,2
test/dog/dog(shelf)/2405624.jpg,2
test/dog/dog(shelf)/2405708.jpg,2
test/dog/dog(shelf)/2405853.jpg,2
test/dog/dog(shelf)/2406421.jpg,2
test/dog/dog(shelf)/2406744.jpg,2
test/dog/dog(shelf)/2406977.jpg,2
test/dog/dog(shelf)/2407734.jpg,2
test/dog/dog(shelf)/2408348.jpg,2
test/dog/dog(shelf)/2408745.jpg,2
test/dog/dog(shelf)/2410104.jpg,2
test/dog/dog(shelf)/2410147.jpg,2
test/dog/dog(shelf)/2410190.jpg,2
test/dog/dog(shelf)/2410817.jpg,2
test/dog/dog(shelf)/2411601.jpg,1
test/dog/dog(shelf)/2412430.jpg,2
test/dog/dog(shelf)/2412759.jpg,2
test/dog/dog(shelf)/2412854.jpg,2
test/dog/dog(shelf)/2413346.jpg,2
test/dog/dog(shelf)/2413586.jpg,2
test/dog/dog(shelf)/2413856.jpg,2
test/dog/dog(shelf)/2414301.jpg,2
test/dog/dog(shelf)/2414304.jpg,2
test/dog/dog(shelf)/2414699.jpg,2
test/dog/dog(shelf)/2414767.jpg,2
test/dog/dog(shelf)/2415422.jpg,2
test/dog/dog(shelf)/2415470.jpg,2
test/dog/dog(shelf)/2416117.jpg,2
test/dog/dog(shelf)/2416920.jpg,2
test/dog/dog(shelf)/2416968.jpg,2
test/dog/dog(shelf)/2417150.jpg,2
test/dog/dog(shelf)/2417584.jpg,2
test/dog/dog(shelf)/285710.jpg,1
test/dog/dog(shelf)/286021.jpg,2
test/dog/dog(shelf)/4036.jpg,2
test/dog/dog(shelf)/498019.jpg,2
test/dog/dog(shelf)/713442.jpg,2
test/dog/dog(shelf)/713723.jpg,2
